company_name,contact_name,email,phone,area,website,notes
Stor-A-Way Mini Storage,,,,West Palm Beach + Stuart,storawayministorage.com,"Local independent, multiple locations including Southern Blvd WPB"
Gator State Storage,,,,Haverhill / Royal Palm Beach,statestoragehaverhill.com,"Local independent, serves WPB + Royal Palm Beach, drive-up + climate"
Value Store It,,,,West Palm Beach,valuestoreit.com,"Regional chain, modern amenities, 24/7 surveillance"
Stirit Storage,,,,Broward County,stiritstorage.com,"Tech-based storage, new Broward location, concierge service"
Compass Self Storage,,,,West Palm Beach,compassselfstorage.com,"Okeechobee Blvd location, climate-controlled"
Safeguard Self Storage,,,,Pompano Beach + Broward,safeguardit.com,"Multiple Broward locations — Lighthouse Point, Deerfield Beach, FTL"
Public Storage (WPB),,,,West Palm Beach,publicstorage.com,"National chain, multiple PBC locations, abandoned unit cleanouts"
Public Storage (PBG),,,,Palm Beach Gardens,publicstorage.com,"National chain, PBG locations"
CubeSmart (WPB),,,,West Palm Beach,cubesmart.com,"National chain, multiple WPB locations"
Extra Space Storage,,,,South Florida,extraspacestorage.com,"National chain, multiple SFL locations"
Life Storage,,,,South Florida,lifestorage.com,"National chain, SFL presence"
U-Haul Storage,,,,South Florida,uhaul.com,"National chain, self-storage at move centers"
